<?xml version="1.0" encoding="UTF-8"?>
<beans xmlns="http://www.springframework.org/schema/beans"
	xmlns:context="http://www.springframework.org/schema/context"
    xmlns:xsi="http://www.w3.org/2001/XMLSchema-instance"
	xsi:schemaLocation="http://www.springframework.org/schema/beans http://www.springframework.org/schema/beans/spring-beans-3.0.xsd
	http://www.springframework.org/schema/context http://www.springframework.org/schema/context/spring-context-3.0.xsd">

	<context:component-scan base-package="com.chefood.biz"></context:component-scan>
	<!-- 1. DB 연결 정보 관리 클래스 로드 -->
	<bean id="dataSource" class="org.springframework.jdbc.datasource.SimpleDriverDataSource">
		<property name="driverClass" value="oracle.jdbc.driver.OracleDriver"/>
		<property name="url" value="jdbc:oracle:thin:@70.12.112.140:1521:xe"/>
		<property name="username" value="chefood"/>
		<property name="password" value="chefood"/>
	</bean>
	
	<!-- 2. 트랜잭션 관리 -->
	<bean id="transactionManager" class="org.springframework.jdbc.datasource.DataSourceTransactionManager">
		<property name="dataSource" ref="dataSource"/>
	</bean>
	
	<!-- 3. SqlSessionFactory : 소스 코드로 적었던 실질적인 SqlSession을 생성하는 클래스
		1번째 property => 어떤 DB연결이냐에 대한 값
		2번째 sql-map-config.xml 파일 지정
		
		2번째 지정으로 sql-map-config.xml 파일에서의 연결 정보값은 모두 삭제해도 된다.
	 -->
	<bean id="sqlSessionFactory" class="org.mybatis.spring.SqlSessionFactoryBean">
		<property name="dataSource" ref="dataSource"/>
		<property name="configLocation" value="classpath:sql-map-config.xml"/>
	</bean>
	
	<!-- 4. 실질적으로 사용할 sqlSession을 받아온다 -->
	<bean id="sqlSession" class="org.mybatis.spring.SqlSessionTemplate">
		<constructor-arg ref="sqlSessionFactory"/>
	</bean>
</beans>
